Account,Amount,Part,"$7,800,000.00",Total USDC
0x58669F50DC0F3DFfAa07182f9B14c65e63835B7F,87590395220661,0.000000729919960172,$5.69,5.69
0xfec18996c36d02902e4c55bcfb7a1c73aa1500cd,78846779602515,0.000000657056496687,$5.13,5.13
